dimensi,kolom,masalah,jumlah,persen,keparahan,rencana
Kelengkapan,berat_kg,Kosong untuk kategori non-fisik (MAR),351,22.75,Rendah,"Tandai tidak berlaku, bukan diisi"
Akurasi,total_bayar,Kalkulasi tidak sesuai rumus harga x jumlah,84,5.44,Sedang,Hitung ulang formula total_bayar setelah data numerik dibersihkan
Keunikan,seluruh kolom,Baris duplikat persis,24,1.56,Sedang,"Hapus, simpan satu"
Tipe Data,tanggal_transaksi,Format campuran ISO dan DD/MM/YYYY,307,19.9,Tinggi,Parsing terpisah per format regex untuk menghindari bulan tertukar
Tipe Data,total_bayar,String berformat mata uang Rp,250,16.2,Tinggi,"Bersihkan karakter teks Rp dan titik, konversi ke integer/float"
Kelengkapan,saldo_simpanan,"Kosong, diduga MNAR",159,10.3,Tinggi,Jangan diimputasi; tanyakan ke pengurus koperasi
Keunikan,id_transaksi,ID transaksi berulang (duplikat nyaris),68,4.41,Tinggi,Rekonsiliasi variasi teks kasir dan kolom catatan
Konsistensi,id_anggota,Trailing whitespace (anggota hantu),59,3.82,Tinggi,Terapkan .str.strip() pada primary key transaksi
Kelengkapan,rating_layanan,Placeholder -999,49,3.18,Tinggi,Ubah menjadi NaN sebelum dihitung
Validitas,jumlah,Nilai nol atau negatif,29,1.88,Tinggi,"Telusuri apakah retur; bila bukan, keluarkan dari analisis"
Konsistensi,kategori,Satu kategori ditulis beberapa cara,13,0.84,Tinggi,Seragamkan; sinonim diputuskan manual
Validitas,diskon_persen,Persentase di luar rentang valid 0-100,9,0.58,Tinggi,Koreksi nilai negatif dan batasi nilai >100%
